{
    "name": "root",
    "metadata": {
        "timer_format_version": "0.1.0",
        "start_time_seconds": "1727211986",
        "python_version": "3.9.11 (tags/v3.9.11:2de452f, Mar 16 2022, 14:33:45) [MSC v.1929 64 bit (AMD64)]",
        "command_line_arguments": "C:\\Users\\csaba\\AppData\\Local\\Programs\\Python\\Python39\\Scripts\\mlagents-learn .\\training_parameters_01.yaml --run-id=ParkingWithAll03 --resume",
        "mlagents_version": "0.30.0",
        "mlagents_envs_version": "0.30.0",
        "communication_protocol_version": "1.5.0",
        "pytorch_version": "2.4.1+cu124",
        "numpy_version": "1.21.2",
        "end_time_seconds": "1727212060"
    },
    "total": 73.9037379,
    "count": 1,
    "self": 0.012141200000016283,
    "children": {
        "run_training.setup": {
            "total": 0.25487890000000135,
            "count": 1,
            "self": 0.25487890000000135
        },
        "TrainerController.start_learning": {
            "total": 73.63671779999999,
            "count": 1,
            "self": 0.0038264000000083342,
            "children": {
                "TrainerController._reset_env": {
                    "total": 37.7033964,
                    "count": 1,
                    "self": 37.7033964
                },
                "TrainerController.advance": {
                    "total": 33.640659299999975,
                    "count": 117,
                    "self": 0.003411699999936957,
                    "children": {
                        "env_step": {
                            "total": 33.633718000000044,
                            "count": 117,
                            "self": 31.847903700000032,
                            "children": {
                                "SubprocessEnvManager._take_step": {
                                    "total": 1.7829172000000213,
                                    "count": 117,
                                    "self": 0.012407699999954502,
                                    "children": {
                                        "TorchPolicy.evaluate": {
                                            "total": 1.7705095000000668,
                                            "count": 117,
                                            "self": 1.7705095000000668
                                        }
                                    }
                                },
                                "workers": {
                                    "total": 0.002897099999991326,
                                    "count": 116,
                                    "self": 0.0,
                                    "children": {
                                        "worker_root": {
                                            "total": 35.613488000000004,
                                            "count": 116,
                                            "is_parallel": true,
                                            "self": 5.907612300000061,
                                            "children": {
                                                "steps_from_proto": {
                                                    "total": 0.08769339999999914,
                                                    "count": 1,
                                                    "is_parallel": true,
                                                    "self": 0.0003576000000080626,
                                                    "children": {
                                                        "_process_maybe_compressed_observation": {
                                                            "total": 0.08681669999999997,
                                                            "count": 16,
                                                            "is_parallel": true,
                                                            "self": 0.0034729999999996153,
                                                            "children": {
                                                                "_observation_to_np_array": {
                                                                    "total": 0.08334370000000035,
                                                                    "count": 48,
                                                                    "is_parallel": true,
                                                                    "self": 0.0012620999999981564,
                                                                    "children": {
                                                                        "process_pixels": {
                                                                            "total": 0.0820816000000022,
                                                                            "count": 48,
                                                                            "is_parallel": true,
                                                                            "self": 0.005845099999994829,
                                                                            "children": {
                                                                                "image_decompress": {
                                                                                    "total": 0.07623650000000737,
                                                                                    "count": 48,
                                                                                    "is_parallel": true,
                                                                                    "self": 0.07623650000000737
                                                                                }
                                                                            }
                                                                        }
                                                                    }
                                                                }
                                                            }
                                                        },
                                                        "_process_rank_one_or_two_observation": {
                                                            "total": 0.0005190999999911128,
                                                            "count": 4,
                                                            "is_parallel": true,
                                                            "self": 0.0005190999999911128
                                                        }
                                                    }
                                                },
                                                "UnityEnvironment.step": {
                                                    "total": 29.618182299999944,
                                                    "count": 116,
                                                    "is_parallel": true,
                                                    "self": 0.058370499999938374,
                                                    "children": {
                                                        "UnityEnvironment._generate_step_input": {
                                                            "total": 0.022176400000020635,
                                                            "count": 116,
                                                            "is_parallel": true,
                                                            "self": 0.022176400000020635
                                                        },
                                                        "communicator.exchange": {
                                                            "total": 26.036654100000007,
                                                            "count": 116,