{"count":1,"self":175.399168,"total":392.0281976,"children":{"InitializeActuators":{"count":9,"self":0.0025063999999999998,"total":0.0025063999999999998,"children":null},"InitializeSensors":{"count":9,"self":0.0029977,"total":0.0029977,"children":null},"AgentSendState":{"count":74267,"self":50.284783999999995,"total":62.4190178,"children":{"CollectObservations":{"count":133686,"self":1.1183378,"total":1.1183378,"children":null},"WriteActionMask":{"count":133686,"self":0.4386671,"total":0.4386671,"children":null},"RequestDecision":{"count":133686,"self":1.7330108,"total":10.5772292,"children":{"AgentInfo.ToProto":{"count":133686,"self":1.2365011,"total":8.8442183,"children":{"GenerateSensorData":{"count":133686,"self":4.7533395999999994,"total":7.6077172,"children":{"RayPerceptionSensor.Perceive":{"count":133686,"self":2.8543776,"total":2.8543775,"children":null}}}}}}}}},"DecideAction":{"count":74267,"self":150.3614848,"total":150.3614891,"children":null},"AgentAct":{"count":74267,"self":3.8239395999999997,"total":3.8239395999999997,"children":null},"AgentInfo.ToProto":{"count":305,"self":0.0075029,"total":0.019073299999999998,"children":{"GenerateSensorData":{"count":305,"self":0.0070757999999999993,"total":0.0115704,"children":{"RayPerceptionSensor.Perceive":{"count":305,"self":0.0044946,"total":0.0044946,"children":null}}}}}},"gauges":{"ParkingSim.CumulativeReward":{"count":305,"max":-17.7851486,"min":-4736.89355,"runningAverage":-295.248657,"value":-273.39267,"weightedAverage":-268.1047}},"metadata":{"timer_format_version":"0.1.0","start_time_seconds":"1726579704","unity_version":"2022.3.21f1","command_line_arguments":"D:\\Unity\\2022.3.21f1\\Editor\\Unity.exe -projectpath D:\\Unity Projects\\Parking Project -useHub -hubIPC -cloudEnvironment production -licensingIpc LicenseClient-csaba -hubSessionId 2b356398-a19f-480c-b237-597fceb26733 -accessToken WQJHOXEGseZvgjRh3K6E3QFfDNWlkLbVWHU4m1zkkI4007f","communication_protocol_version":"1.5.0","com.unity.ml-agents_version":"2.0.1","scene_name":"ParkingLotRandom","end_time_seconds":"1726580096"}}